text,label
The patient was diagnosed with pneumonia and started on antibiotics,1
The MRI scan revealed a small tumor in the left hemisphere of the brain,1
The blood test results indicate high levels of cholesterol,1
Administer 5 mg of the prescribed medication twice daily,1
The surgery was successful  and the patient is now in recovery,1
The patient's heart rate and blood pressure are stable,1
The patient has a history of hypertension and diabetes,1
X-rays show a fracture in the right tibia,1
The child was given a vaccination for measles,1
The patient's wound was cleaned and dressed,1
The patient is advised to rest and avoid strenuous activities,1
The biopsy results suggest a malignant tumor,1
The patient complained of chest pain and shortness of breath,1
The doctor recommended an MRI to further investigate the issue,1
The patient has been diagnosed with chronic obstructive pulmonary disease,1
The patient is experiencing severe abdominal pain,1
The lab tests confirmed the presence of a bacterial infection,1
The patient's glucose levels are higher than normal,1
The patient is allergic to penicillin,1
The patient was advised to follow a low-sodium diet,1
The patient's liver function tests came back abnormal,1
The patient is experiencing symptoms of anxiety and depression,1
The doctor prescribed a new medication to help manage the patient's pain,1
The patient was referred to a specialist for further evaluation,1
The patient's blood pressure is within the normal range,1
The patient is recovering well from the surgery,1
The patient's condition has improved with the treatment,1
The doctor recommended physical therapy for the patient's injury,1
The patient was given a tetanus shot after the injury,1
The patient's heart rate monitor showed irregular beats,1
The patient is on a ventilator in the ICU,1
The patient's lab results indicate a possible infection,1
The patient has a family history of cardiovascular disease,1
The patient's vaccination records are up to date,1
The patient is scheduled for a follow-up appointment next week,1
The patient's symptoms suggest a possible stroke,1
The doctor advised the patient to quit smoking,1
The patient was given a sedative before the procedure,1
The patient was placed on a heart monitor for observation,1
The patient is experiencing side effects from the medication,1
The patient's breathing improved after the nebulizer treatment,1
The patient was treated for dehydration with IV fluids,1
The patient is being monitored for signs of infection,1
The patient's blood sugar levels need to be closely monitored,1
The patient was given an injection to reduce the pain,1
The patient's weight has increased significantly over the past year,1
The doctor ordered a complete blood count (CBC) test,1
The patient was advised to take the medication with food,1
The patient is experiencing a rapid heartbeat,1
The patient's kidney function tests were abnormal,1
The patient is being treated for high blood pressure,1
The patient was given an antibiotic to treat the infection,1
The patient's heart rate increased during the stress test,1
The patient is at risk for developing diabetes,1
The doctor recommended a colonoscopy for further evaluation,1
The patient's cholesterol levels are higher than desired,1
The patient is experiencing dizziness and nausea,1
The patient was advised to reduce salt intake,1
The patient has a mild fever and a sore throat,1
The doctor prescribed a new inhaler for the patient's asthma,1
The patient is recovering from a recent surgery,1
The patient was given a blood transfusion,1
The patient is experiencing lower back pain,1
The patient was advised to avoid alcohol while taking this medication,1
The patient has been diagnosed with a respiratory infection,1
The patient's blood pressure medication was adjusted,1
The patient was given a flu shot during the visit,1
The patient is allergic to latex,1
The patient's wound is healing well,1
The patient was placed on a special diet due to high cholesterol,1
The patient is experiencing frequent headaches,1
The patient was referred to a neurologist,1
The patient is being treated for a urinary tract infection,1
The patient's EKG showed abnormal heart rhythms,1
The patient was prescribed medication for high blood pressure,1
The patient's vision has been deteriorating over time,1
The patient was given a sedative to calm anxiety,1
The patient's lung function test showed reduced capacity,1
The patient is experiencing symptoms of fatigue,1
The patient is scheduled for a CT scan,1
The patient's blood work indicates anemia,1
The doctor recommended a stress test for the patient,1
The patient was given pain medication after the surgery,1
The patient's condition is being closely monitored,1
The patient was diagnosed with bronchitis,1
The patient is allergic to peanuts,1
The patient was advised to take vitamins daily,1
The patient's heart condition requires medication management,1
The patient is recovering from a respiratory infection,1
The patient's cholesterol medication was adjusted,1
The patient's symptoms are consistent with a viral infection,1
The patient was referred to a cardiologist for further evaluation,1
The patient is experiencing shortness of breath,1
The patient's blood pressure was measured during the visit,1
The patient was prescribed medication for anxiety,1
The patient is experiencing pain in the lower abdomen,1
The patient's condition is stable and improving,1
The patient is being treated for an ear infection,1
The patient was advised to drink plenty of fluids,1
The patient is experiencing swelling in the legs,1
The patient was diagnosed with anemia,1
The patient's blood pressure medication was increased,1
The patient is experiencing mild chest discomfort,1
The patient was given a tetanus booster shot,1
The patient's glucose levels were monitored throughout the day,1
The patient is experiencing difficulty breathing,1
The patient's heart condition requires careful monitoring,1
The patient was referred to an endocrinologist,1
The patient was advised to exercise regularly,1
The patient's symptoms suggest a possible allergy,1
The patient is experiencing pain in the joints,1
The patient was prescribed medication for pain relief,1
The patient's blood tests show elevated liver enzymes,1
The patient was given an inhaler for asthma management,1
The patient's condition is improving with treatment,1
The patient was advised to quit smoking,1
The patient was diagnosed with a sinus infection,1
The patient's cholesterol medication was renewed,1
The patient's symptoms are consistent with a migraine,1
The patient was referred to an orthopedic specialist,1
The patient's vision has improved after cataract surgery,1
The patient's weight is being monitored closely,1
The patient was given an injection for pain management,1
The patient's symptoms suggest a gastrointestinal issue,1
The patient is experiencing difficulty sleeping,1
The patient was advised to reduce caffeine intake,1
The patient's heart rate is within the normal range,1
The patient was prescribed medication for blood pressure control,1
The patient is experiencing side effects from the medication,1
The patient's blood sugar levels were monitored,1
The patient was advised to rest and drink fluids,1
The patient was given an EKG during the visit,1
The patient's cholesterol levels are under control,1
The patient was prescribed a new cholesterol medication,1
The patient is experiencing mild nausea,1
The patient was diagnosed with a respiratory illness,1
The patient's blood pressure was monitored throughout the visit,1
The patient was referred to a specialist for further testing,1
The patient's symptoms are improving with treatment,1
The patient was prescribed medication for hypertension,1
The patient is experiencing mild chest pain,1
The patient was advised to avoid strenuous activity,1
The patient's lung function has improved with treatment,1
The patient is being monitored for signs of a heart attack,1
The patient was prescribed medication for pain management,1
The patient's blood tests indicate anemia,1
The patient was diagnosed with a bacterial infection,1
The patient is experiencing symptoms of a cold,1
The patient was advised to follow a low-fat diet,1
The patient's condition is stable and requires no further treatment,1
The patient was given a flu shot during the appointment,1
The patient's cholesterol levels were checked,1
The patient is experiencing pain in the upper back,1
The patient was referred to a gastroenterologist,1
The patient's blood pressure was measured during the visit,1
The patient is recovering from a viral infection,1
The patient was advised to take the medication with food,1
The patient's blood work indicates a deficiency,1
The patient was prescribed a new inhaler,1
The patient's weight is within the healthy range,1
The patient was advised to follow up with a specialist,1
The patient is experiencing mild swelling in the legs,1
The patient's symptoms are consistent with an allergy,1
The patient was diagnosed with a chronic condition,1
The patient's blood pressure medication was adjusted,1
The patient was advised to avoid certain foods,1
The patient's lung function test showed improvement,1
The patient is being treated for a skin infection,1
The patient was prescribed a new medication for blood pressure,1
The patient is experiencing mild headaches,1
The patient's condition is improving with medication,1
The patient was given an injection for pain relief,1
The patient's blood tests show normal levels,1
The patient was diagnosed with a respiratory condition,1
The patient is experiencing mild fatigue,1
The patient was advised to follow a low-sodium diet,1
The patient's condition is stable with no signs of infection,1
The patient was given a vaccination during the visit,1
The patient's cholesterol levels were checked during the visit,1
The patient is experiencing mild chest tightness,1
The patient was advised to avoid alcohol while taking the medication,1
The patient's heart rate is within normal limits,1
The patient was prescribed medication for diabetes management,1
The patient is experiencing mild abdominal discomfort,1
The patient's condition is stable and requires no further intervention,1
The patient was given a flu shot during the visit,1
The patient's blood pressure was measured during the appointment,1
The patient is recovering from a recent illness,1
The patient was advised to take vitamins daily,1
The patient's cholesterol levels are being monitored,1
The patient was prescribed a new cholesterol medication,1
The patient is experiencing mild nausea,1
The patient's condition is stable and requires no further treatment,1
The patient was given an injection to relieve pain,1
The patient's blood tests show elevated levels,1
The patient was diagnosed with a sinus infection,1
The patient's symptoms are consistent with a migraine,1
The patient was advised to avoid certain activities,1
The patient's condition is improving with treatment,1
The patient was given an inhaler for asthma management,1
The patient's blood pressure is under control,1
The patient was prescribed a new medication for hypertension,1
The patient is experiencing mild chest pain,1
The patient was advised to avoid strenuous activity,1
The patient's lung function has improved with treatment,1
The patient is being monitored for signs of infection,1
The patient was prescribed medication for blood pressure control,1
The patient is experiencing side effects from the medication,1
The patient's blood sugar levels were monitored,1
The patient was advised to rest and drink fluids,1
The patient was given an EKG during the visit,1
The patient's cholesterol levels are under control,1
The patient was prescribed a new cholesterol medication,1
The patient is experiencing mild nausea,1
The patient was diagnosed with a respiratory illness,1
The patient's blood pressure was monitored throughout the visit,1
The patient was referred to a specialist for further testing,1
The patient's symptoms are improving with treatment,1
The patient was prescribed medication for hypertension,1
The patient is experiencing mild chest pain,1
The patient was advised to avoid strenuous activity,1
The patient's lung function has improved with treatment,1
The patient is being monitored for signs of a heart attack,1
The patient was prescribed medication for pain management,1
The patient's blood tests indicate anemia,1
The patient was diagnosed with a bacterial infection,1
The patient is experiencing symptoms of a cold,1
The patient was advised to follow a low-fat diet,1
The patient's condition is stable and requires no further treatment,1
The patient was given a flu shot during the appointment,1
The patient's cholesterol levels were checked,1
The patient is experiencing pain in the upper back,1
The patient was referred to a gastroenterologist,1
The patient's blood pressure was measured during the visit,1
The patient is recovering from a viral infection,1
The patient was advised to take the medication with food,1
The patient's blood work indicates a deficiency,1
The patient was prescribed a new inhaler,1
The patient's weight is within the healthy range,1
The patient was advised to follow up with a specialist,1
The patient is experiencing mild swelling in the legs,1
The patient's symptoms are consistent with an allergy,1
The patient was diagnosed with a chronic condition,1
The patient's blood pressure medication was adjusted,1
The patient was advised to avoid certain foods,1
The patient's lung function test showed improvement,1
The patient is being treated for a skin infection,1
The patient was prescribed a new medication for blood pressure,1
The patient is experiencing mild headaches,1
The patient's condition is improving with medication,1
The patient was given an injection for pain relief,1
The patient's blood tests show normal levels,1
The patient was diagnosed with a respiratory condition,1
The patient is experiencing mild fatigue,1
The patient was advised to follow a low-sodium diet,1
The patient's condition is stable with no signs of infection,1
The patient was given a vaccination during the visit,1
The patient's cholesterol levels were checked during the visit,1
The patient is experiencing mild chest tightness,1
The patient was advised to avoid alcohol while taking the medication,1
The patient's heart rate is within normal limits,1
The patient was prescribed medication for diabetes management,1
The patient is experiencing mild abdominal discomfort,1
The patient's condition is stable and requires no further intervention,1
The stock market saw a significant rise in tech stocks today,0
Global warming is a major issue affecting the environment,0
The local team won the championship after a thrilling match,0
The new movie received rave reviews from critics,0
The city's traffic congestion has worsened over the years,0
The government announced new regulations for small businesses,0
The company's latest product launch was a huge success,0
The weather forecast predicts rain for the next three days,0
The artist's latest exhibition attracted a large crowd,0
The economy is showing signs of recovery,0
The school is planning a field trip for the students,0
The concert was a huge hit with the audience,0
The new restaurant in town has become very popular,0
The neighborhood has seen a rise in property values,0
The festival attracted visitors from all over the country,0
The sports team is training hard for the upcoming season,0
The mayor announced new initiatives to improve public transportation,0
The book has been a bestseller for several weeks,0
The music festival featured performances by top artists,0
The city's infrastructure projects are progressing well,0
The company announced plans to expand its operations,0
The art gallery is hosting a new exhibition this month,0
The community center offers various programs for residents,0
The government is investing in renewable energy projects,0
The local farmers' market is a popular weekend destination,0
The city council approved the new budget for the year,0
The new park has become a favorite spot for families,0
The company is launching a new advertising campaign,0
The library is hosting a book signing event this weekend,0
The school is implementing new technology in classrooms,0
The economy is experiencing steady growth,0
The new shopping mall has attracted many new businesses,0
The company's stock price has risen significantly,0
The museum is showcasing a new collection of art,0
The government is introducing new policies to boost the economy,0
The neighborhood association is organizing a block party,0
The city is planning to build a new sports complex,0
The community garden is a great place to meet neighbors,0
The company's annual report shows strong financial performance,0
The local theater is putting on a new play,0
The city's public transportation system is being upgraded,0
The festival featured a wide variety of food and entertainment,0
The new tech startup is gaining attention from investors,0
The city's tourism industry is booming,0
The library is offering free computer classes to residents,0
The new fitness center offers a variety of classes,0
The company's CEO announced plans to retire next year,0
The neighborhood watch program has reduced crime rates,0
The local school district is hiring new teachers,0
The city's public parks are well-maintained,0
The sports team is preparing for the championship game,0
The community is coming together to support local businesses,0
The company is expanding its workforce to meet demand,0
The library is hosting a summer reading program for kids,0
The city's recycling program is a success,0
The museum is offering free admission on weekends,0
The company's latest gadget has been well-received by consumers,0
The neighborhood is known for its historic architecture,0
The city's bike-sharing program is gaining popularity,0
The local theater group is performing a classic play,0
The company is investing in new technology to improve efficiency,0
The community is rallying to support a local charity,0
The new housing development offers affordable homes,0
The city's public transportation is improving,0
The company is launching a new line of products,0
The museum is hosting a special exhibition on ancient history,0
The neighborhood is home to many small businesses,0
The city's parks and recreation department is offering new programs,0
The company is expanding its product line,0
The local school is introducing new after-school programs,0
The city's economy is thriving,0
The new coffee shop has become a local favorite,0
The museum is offering guided tours of its latest exhibition,0
The city's public transportation system is reliable and efficient,0
The company is opening a new branch office in the city,0
The community center is a hub for local activities,0
The city's new bike lanes are a hit with cyclists,0
The company is launching a new advertising campaign,0
The museum is featuring a new exhibit on modern art,0
The neighborhood is undergoing a revitalization project,0
The city's new park is a popular destination for families,0
The company is investing in research and development,0
The community is organizing a cleanup event,0
The city's tourism industry is on the rise,0
The museum is hosting a special event for members,0
The company's latest product is receiving positive reviews,0
The neighborhood is known for its vibrant arts scene,0
The city's public library offers a wide range of resources,0
The company is expanding its product offerings,0
The museum's latest exhibit is attracting large crowds,0
The city's economy is rebounding after the recession,0
The company is hiring more employees to meet demand,0
The community is coming together to celebrate a local festival,0
The city's public parks are popular spots for outdoor activities,0
The company is launching a new service for customers,0
The museum is offering workshops for aspiring artists,0
The neighborhood is a blend of residential and commercial spaces,0
The city's public transportation system is efficient and reliable,0
The company is planning to launch a new product line,0
The museum's new exhibit is receiving rave reviews,0
The community is raising funds for a local charity,0
The city's tourism sector is experiencing growth,0
The museum is hosting an exhibition on ancient civilizations,0
The company's new marketing campaign is generating buzz,0
The neighborhood is home to many unique shops and restaurants,0
The city's public services are top-notch,0
The company is investing in renewable energy projects,0
The community is coming together for a common cause,0
The city's public spaces are well-maintained and clean,0
The company is expanding its global operations,0
The museum is offering educational programs for children,0
The neighborhood is known for its friendly residents,0
The city's public schools are highly rated,0
The company is introducing new safety measures,0
The museum's latest collection features contemporary art,0
The neighborhood is a mix of old and new buildings,0
The city's public transportation system is accessible and convenient,0
The company is launching a new online platform,0
The museum's exhibition on modern art is drawing large crowds,0
The community is organizing a fundraiser for a local cause,0
The city's economy is benefiting from new investments,0
The museum is offering a behind-the-scenes tour of its collection,0
The neighborhood is undergoing a transformation,0
The city's public transportation is affordable and convenient,0
The company is expanding its market reach,0
The museum is showcasing a new collection of photographs,0
The community is planning a neighborhood block party,0
The city's public services are reliable and efficient,0
The company is investing in employee training programs,0
The museum is hosting a special event for families,0
The neighborhood is known for its cultural diversity,0
The city's public schools offer a variety of extracurricular activities,0
The company is launching a new customer service initiative,0
The museum's latest exhibit features works by local artists,0
The neighborhood is a blend of residential and commercial areas,0
The city's public transportation system is being modernized,0
The company is expanding its research and development efforts,0
The museum's exhibit on ancient civilizations is drawing visitors,0
The community is coming together to support a local charity,0
The city's economy is on the rise,0
The museum is offering free admission on weekends,0
The neighborhood is a hub for local businesses,0
The city's public services are among the best in the region,0
The company is introducing new products to the market,0
The museum is showcasing a new exhibit on contemporary art,0
The community is rallying to support local businesses,0
The city's public transportation is reliable and efficient,0
The company is launching a new product line,0
The museum's latest exhibition is attracting attention,0
The neighborhood is a popular destination for tourists,0
The city's public spaces are well-maintained and clean,0
The company is investing in new technologies,0
The museum is hosting a special event for children,0
The neighborhood is known for its historic landmarks,0
The city's public schools are known for academic excellence,0
The company is expanding its operations internationally,0
The museum's new exhibit is receiving positive reviews,0
The community is coming together to support a good cause,0
The city's economy is growing steadily,0
The museum is offering a new membership program,0
The neighborhood is home to many artists and musicians,0
The city's public transportation system is convenient and accessible,0
The company is launching a new advertising campaign,0
The museum's latest exhibit is drawing large crowds,0
The neighborhood is undergoing a revitalization,0
The city's public services are being upgraded,0
The company is investing in renewable energy,0
The museum is hosting a special exhibition on photography,0
The community is organizing a local art fair,0
The city's public transportation system is efficient,0
The company is planning to open a new branch,0
The museum's exhibit on modern art is attracting visitors,0
The neighborhood is known for its community spirit,0
The city's public schools offer a variety of programs,0
The company is introducing new sustainability initiatives,0
The museum's latest exhibit features contemporary artists,0
The neighborhood is a blend of residential and commercial areas,0
The city's public transportation system is modern and efficient,0
The company is expanding its product line,0
The museum is showcasing a new collection of art,0
The community is organizing a neighborhood cleanup,0
The city's public services are top-notch,0
The company is launching a new product this year,0
The museum's exhibition on ancient history is popular,0
The neighborhood is known for its vibrant community,0
The city's public transportation system is reliable,0
The company is planning to introduce a new service,0
The museum's latest exhibit is drawing crowds,0
The neighborhood is experiencing growth and development,0
The city's public services are well-maintained,0
The company is investing in research and development,0
The museum is hosting a special event for families,0
The neighborhood is home to many small businesses,0
The city's public transportation system is convenient and affordable,0
The company is launching a new marketing campaign,0
The museum's exhibit on modern art is popular with visitors,0
The neighborhood is a blend of residential and commercial spaces,0
The city's public services are efficient and reliable,0
The company is expanding its operations in the region,0
The museum is offering a behind-the-scenes tour,0
The neighborhood is known for its lively atmosphere,0
The city's public schools are implementing new programs,0
The company is investing in new technology,0
The museum's latest exhibit features contemporary artists,0
The neighborhood is a hub for local businesses and artists,0
The city's public transportation system is accessible and efficient,0
The company is launching a new product line,0
The museum is hosting an exhibition on modern art,0
The neighborhood is undergoing a transformation,0
The city's public services are reliable,0
The company is investing in sustainability initiatives,0
The museum's exhibit on ancient civilizations is drawing visitors,0
The neighborhood is a blend of old and new,0
The city's public transportation is modern and efficient,0
The company is expanding its market reach,0
The museum's new exhibit is receiving rave reviews,0
The neighborhood is known for its artistic community,0
The city's public services are top-tier,0
The company is introducing new products to the market,0
The museum is offering free admission to residents,0
The neighborhood is home to a variety of businesses,0
The city's public transportation system is expanding,0
The company is launching a new line of products,0
The museum is showcasing contemporary art in its latest exhibit,0
The neighborhood is a popular destination for tourists,0
The city's public services are well-funded and efficient,0
The company is investing in employee training programs,0
The museum is hosting a special event for children,0
The neighborhood is known for its vibrant nightlife,0
The city's public schools are implementing new technology,0
The company is expanding its global operations,0
The museum's exhibit on modern art is drawing large crowds,0
My heart is beating very fast,1
I've been feeling nauseous all day,1
The doctor prescribed antibiotics for my infection,1
I think I have food poisoning,1
My vision is blurry  and I have a headache,1
I need to refill my asthma inhaler,1
The pain in my joints is getting worse,1
I was diagnosed with hypertension,1
I'm allergic to penicillin,1
My blood sugar levels are very high,1
I have a persistent cough,1
I need an MRI scan for my back,1
My child has a fever of 102?F,1
I have a sharp pain in my abdomen,1
I need to schedule a surgery,1
I am feeling breathless and tired,1
I need to get a flu shot,1
My cholesterol levels are too high,1
I've been diagnosed with depression,1
My skin is itchy and red,1
I have a lump in my breast,1
I'm taking medication for my diabetes,1
My knee is swollen and painful,1
I need to consult a dermatologist,1
My blood pressure is low,1
I'm having difficulty swallowing,1
I have a sharp pain in my chest,1
I've been experiencing severe migraines,1
My throat feels very sore,1
I have a toothache that won't go away,1
I need to get a vaccination,1
I'm having difficulty breathing,1
I feel lightheaded and dizzy,1
I'm recovering from surgery,1
My legs are swollen,1
I've been feeling anxious and stressed,1
I have a rash that is spreading,1
I'm worried about my mental health,1
I have an ear infection,1
I need to take my blood pressure medication,1
I have a high fever and chills,1
My back pain is unbearable,1
I've lost my appetite recently,1
I have a constant ringing in my ears,1
I'm suffering from insomnia,1
My doctor advised me to rest,1
I'm feeling very weak and fatigued,1
I have a wound that isn't healing,1
I need to see an ophthalmologist,1
I have difficulty urinating,1
I've been experiencing heart palpitations,1
I'm having severe cramps,1
I need to go to the emergency room,1
My blood tests show abnormal results,1
I've been having trouble sleeping,1
I have a sore throat and a cough,1
I need to get my eyes checked,1
I'm experiencing memory loss,1
My arthritis is flaring up,1
I have numbness in my fingers,1
I'm taking medication for high blood pressure,1
I have a severe headache,1
I need to undergo a medical procedure,1
My ankle is sprained,1
I have a chronic condition that requires treatment,1
I'm feeling very cold and shivering,1
I have a medical emergency,1
I need to get a prescription filled,1
My stomach is upset,1
I have a wound that needs stitches,1
I'm experiencing joint pain,1
I need to consult a specialist,1
My liver function tests are abnormal,1
I have a tooth infection,1
I'm feeling very dehydrated,1
My sinuses are congested,1
I'm taking antibiotics for an infection,1
My eyes are red and itchy,1
I'm having trouble concentrating,1
I need to get my blood sugar levels checked,1
My blood work shows high cholesterol,1
I have a persistent fever,1
I need to schedule a follow-up appointment,1
I have severe abdominal pain,1
My thyroid levels are off,1
I need to take my insulin shot,1
I have difficulty walking due to pain,1
My heart rate is irregular,1
I need to get an X-ray done,1
I'm feeling very nauseous,1
My asthma is acting up,1
I have an infection in my gums,1
I'm taking medication for my anxiety,1
I need to consult with a neurologist,1
My blood pressure is dangerously high,1
I'm experiencing severe fatigue,1
My hands are shaking,1
I need to get my hearing checked,1
I have a pain in my lower back,1
I'm having difficulty speaking,1
I need to schedule a colonoscopy,1
My neck is stiff and painful,1
I'm feeling very dizzy,1
I have a persistent cough and cold,1
I need to get a mammogram,1
My skin is peeling,1
I'm experiencing severe pain in my shoulder,1
I need to get my cholesterol levels checked,1
My breathing is shallow,1
I'm feeling very anxious,1
I have a medical condition that needs attention,1
I need to take my medication on time,1
My eyes are swollen,1
I need to get my heart checked,1
I'm suffering from chronic pain,1
My teeth are sensitive to cold,1
I have a recurring infection,1
I'm experiencing severe chest pain,1
My legs are numb,1
I need to get my blood pressure monitored,1
I have a persistent sore throat,1
I'm having trouble hearing,1
My blood sugar levels are unstable,1
I need to take my pain medication,1
My back is hurting badly,1
I have a severe allergic reaction,1
I need to get a tetanus shot,1
My skin is burning,1
I'm feeling very weak,1
I have a sharp pain in my side,1
My vision is deteriorating,1
I need to consult a gastroenterologist,1
I'm having difficulty breathing properly,1
My blood pressure is fluctuating,1
I need to take my medication regularly,1
My heart is racing,1
I have a serious health issue,1
I need to go to the hospital,1
My blood work shows abnormal results,1
I'm experiencing severe dizziness,1
My throat is swollen,1
I have a medical emergency that needs immediate attention,1
My doctor advised me to take rest,1
I need to get my blood sugar levels under control,1
My joints are stiff and painful,1
I'm suffering from severe anxiety,1
My ears are ringing constantly,1
I need to take my medication as prescribed,1
My eyes are dry and irritated,1
I have a persistent cough that won't go away,1
I'm having trouble sleeping at night,1
My blood pressure is too high for my age,1
I need to consult a cardiologist,1
My hands are trembling,1
I have a severe infection,1
I'm experiencing chest pain and shortness of breath,1
My legs are cramping,1
I need to get my medication refilled,1
My throat is very sore,1
I have a medical condition that requires regular monitoring,1
My blood work shows high triglycerides,1
I need to take my medication daily,1
My back pain is chronic,1
I'm experiencing severe fatigue and weakness,1
My skin is breaking out,1
I need to see a doctor immediately,1
My blood pressure is dangerously low,1
I'm having trouble breathing,1
My vision is blurred,1
I need to get a blood test done,1
My heart rate is elevated,1
I'm experiencing severe chest pain and dizziness,1
My legs are swollen and painful,1
I need to take my medication to manage my symptoms,1
My throat is inflamed,1
I have a medical condition that needs urgent attention,1
My blood work shows abnormal liver function,1
I need to take my medication for my chronic condition,1
My skin is very dry and itchy,1
I'm having difficulty walking due to joint pain,1
My heart is beating irregularly,1
I need to get my blood pressure checked regularly,1
My throat is sore and swollen,1
I'm experiencing severe pain in my chest,1
My legs are very weak,1
I need to take my medication to control my symptoms,1
My blood work shows high levels of glucose,1
I need to get my cholesterol levels under control,1
My skin is peeling and dry,1
I'm feeling very fatigued and weak,1
My heart rate is very fast,1
I need to see a doctor for my condition,1
My blood pressure is extremely high,1
I'm experiencing severe dizziness and nausea,1
My throat is very sore and inflamed,1
I have a medical condition that needs immediate attention,1
My blood work shows abnormal kidney function,1
I need to take my medication to manage my blood pressure,1
My skin is very sensitive to touch,1
I'm having difficulty breathing and speaking,1
My heart is racing and pounding,1
I need to get my blood pressure monitored regularly,1
My throat is swollen and painful,1
I'm experiencing severe pain in my lower back,1
My legs are very stiff and painful,1
I need to take my medication for my heart condition,1
My blood work shows high cholesterol levels,1
I need to get my blood sugar levels under control,1
My skin is very dry and cracked,1
I'm feeling very weak and tired,1
My heart rate is very irregular,1
I need to see a doctor for my symptoms,1
My blood pressure is dangerously high,1
I'm experiencing severe chest pain and difficulty breathing,1
My throat is very inflamed and painful,1
I have a medical condition that requires urgent care,1
My blood work shows abnormal levels of cholesterol,1
I need to take my medication to manage my condition,1
My skin is very sensitive to heat,1
I'm having difficulty breathing and swallowing,1
My heart is beating very fast and irregularly,1
I need to get my blood pressure checked regularly,1
My throat is very sore and swollen,1
I'm experiencing severe pain in my joints,1
My legs are very weak and shaky,1
I need to take my medication for my chronic pain,1
My blood work shows high levels of triglycerides,1
I need to get my cholesterol levels under control,1
My skin is very dry and itchy,1
I'm feeling very fatigued and weak,1
My heart rate is very fast and irregular,1
I need to see a doctor for my heart condition,1
My blood pressure is extremely high and dangerous,1
I'm experiencing severe dizziness and nausea,1
My throat is very sore and inflamed,1
I have a medical condition that needs immediate attention,1
My blood work shows abnormal liver function,1
I need to take my medication to manage my condition,1
My skin is very sensitive to touch and heat,1
I'm having difficulty breathing and speaking,1
My heart is racing and pounding very fast,1
I need to get my blood pressure monitored regularly,1
My throat is very sore and swollen,1
I'm experiencing severe pain in my lower back and joints,1
My legs are very stiff and painful,1
I need to take my medication for my chronic condition,1
My blood work shows high levels of glucose and cholesterol,1
I need to get my blood sugar levels under control,1
My skin is very dry and cracked and itchy,1
I'm feeling very weak and tired and fatigued,1
I love going to the beach on weekends,0
Let's go out for dinner tonight,0
I'm planning a trip to Europe next summer,0
My dog loves playing fetch in the park,0
I enjoy reading mystery novels,0
Let's go shopping for some new clothes,0
I can't wait to watch the new movie,0
I love cooking Italian food,0
I'm learning to play the guitar,0
Let's have a barbecue this weekend,0
I enjoy hiking in the mountains,0
I'm planning to redecorate my living room,0
Let's go for a drive along the coast,0
I'm really into photography these days,0
My favorite hobby is painting,0
Let's go to the amusement park,0
I love spending time with my family,0
I'm planning to adopt a cat,0
Let's visit the art museum this weekend,0
I enjoy playing video games,0
I'm excited about the upcoming concert,0
Let's go to the farmer's market tomorrow,0
I love trying out new recipes,0
I'm planning a surprise party for my friend,0
Let's go camping in the woods,0
I enjoy watching documentaries,0
I'm learning to speak Spanish,0
Let's go for a bike ride,0
I love gardening in my backyard,0
I'm planning a road trip with my friends,0
Let's go to the zoo this weekend,0
I enjoy playing chess with my dad,0
I'm really into yoga these days,0
Let's go to the bookstore and find something new to read,0
I love traveling to new places,0
I'm planning to start a new hobby,0
Let's go for a walk in the park,0
I enjoy listening to podcasts,0
I'm learning to bake bread from scratch,0
Let's go to the coffee shop and relax,0
I love attending music festivals,0
I'm planning to learn how to surf,0
Let's go to the flea market and see what we can find,0
I enjoy taking long walks on the beach,0
I'm really into running these days,0
Let's go to the aquarium this weekend,0
I love going to the theater,0
I'm planning to take a cooking class,0
Let's go to the farmer's market and buy fresh produce,0
I enjoy playing tennis with my friends,0
I'm learning to play the piano,0
Let's go to the park and have a picnic,0
I love exploring new restaurants in the city,0
I'm planning to write a novel,0
Let's go to the flea market and see what treasures we can find,0
I enjoy watching movies at home,0
I'm learning to knit and crochet,0
Let's go to the beach and watch the sunset,0
I love attending art exhibitions,0
I'm planning to learn how to play the violin,0
Let's go to the mountains for a weekend getaway,0
I enjoy taking photos of nature,0
I'm really into gardening these days,0
Let's go to the park and feed the ducks,0
I love going to comedy shows,0
I'm planning to learn how to dance salsa,0
Let's go to the museum and learn something new,0
I enjoy going to the gym and working out,0
I'm learning to make pottery,0
Let's go to the bakery and get some fresh bread,0
I love going to the farmer's market,0
I'm planning to take a photography class,0
Let's go to the bookstore and find some new books,0
I enjoy watching cooking shows on TV,0
I'm learning to sew my own clothes,0
Let's go to the beach and play volleyball,0
I love going to the amusement park,0
I'm planning to start a blog,0
Let's go to the city and explore,0
I enjoy painting landscapes,0
I'm learning to make jewelry,0
Let's go to the market and buy fresh flowers,0
I love going to the theater to watch plays,0
I'm planning to learn how to skate,0
Let's go to the zoo and see the animals,0
I enjoy going to concerts,0
I'm learning to make candles,0
Let's go to the park and have a picnic,0
I love going to the beach for a swim,0
I'm planning to start a podcast,0
Let's go to the flea market and see what we can find,0
I enjoy watching documentaries about history,0
I'm learning to play the ukulele,0
Let's go to the city and visit some museums,0
I love going to the coffee shop to read,0
I'm planning to learn how to cook gourmet meals,0
Let's go to the park and play frisbee,0
I enjoy going for long walks in nature,0
I'm learning to make my own soap,0
Let's go to the bookstore and browse the new releases,0
I love attending outdoor festivals,0
I'm planning to take a yoga class,0
Let's go to the aquarium and see the fish,0
I enjoy playing board games with friends,0
I'm learning to make my own bread,0
Let's go to the beach and collect seashells,0
I love going to the farmer's market on Saturdays,0
I'm planning to start a vegetable garden,0
Let's go to the mountains and hike,0
I enjoy painting abstract art,0
I'm learning to make my own clothes,0
Let's go to the flea market and look for vintage items,0
I love going to the park for a picnic,0
I'm planning to learn how to dance,0
Let's go to the museum and see the new exhibit,0
I enjoy going to art galleries,0
I'm learning to make my own candles,0
Let's go to the beach and build sandcastles,0
I love going to the movies with friends,0
I'm planning to take a cooking class,0
Let's go to the coffee shop and chat,0
I enjoy playing video games in my free time,0
I'm learning to make my own soap,0
Let's go to the city and explore the sights,0
I love attending live concerts,0
I'm planning to learn how to surf,0
Let's go to the farmer's market and buy some fresh fruit,0
I enjoy watching movies on the weekends,0
I'm learning to make jewelry,0
Let's go to the park and play frisbee,0
I love going to the beach on sunny days,0
I'm planning to start a blog about my travels,0
Let's go to the zoo and see the new animals,0
I enjoy playing tennis with my friends,0
I'm learning to cook new recipes,0
Let's go to the mountains and hike the trails,0
I love going to the theater to watch plays,0
I'm planning to learn how to play the piano,0
Let's go to the city and visit some museums,0
I enjoy going to art galleries and exhibitions,0
I'm learning to make my own bread,0
Let's go to the beach and have a bonfire,0
I love going to the park for a jog,0
I'm planning to take a yoga class,0
Let's go to the farmer's market and buy fresh vegetables,0
I enjoy watching documentaries about nature,0
I'm learning to make my own clothes,0
Let's go to the zoo and see the animals,0
I love going to the movies on weekends,0
I'm planning to start a podcast about books,0
Let's go to the flea market and see what treasures we can find,0
I enjoy playing board games with friends,0
I'm learning to bake my own bread,0
Let's go to the park and have a picnic,0
I love going to the beach for a swim,0
I'm planning to learn how to surf,0
Let's go to the museum and learn something new,0
I enjoy going for long walks in nature,0
I'm learning to make my own candles,0
Let's go to the city and explore the shops,0
I love going to the theater to watch live performances,0
I'm planning to take a photography class,0
Let's go to the coffee shop and relax,0
I enjoy playing tennis with my family,0
I'm learning to cook gourmet meals,0
Let's go to the beach and watch the sunset,0
I love going to the farmer's market on Sundays,0
I'm planning to start a vegetable garden in my backyard,0
Let's go to the mountains and enjoy the fresh air,0
I enjoy painting landscapes,0
I'm learning to make my own jewelry,0
Let's go to the park and play frisbee,0
I love going to the flea market to find unique items,0
I'm planning to take a yoga class for relaxation,0
Let's go to the zoo and see the new exhibits,0
I enjoy going to concerts and listening to live music,0
I'm learning to make my own soap,0
Let's go to the coffee shop and read a book,0
I love attending outdoor festivals in the summer,0
I'm planning to learn how to dance,0
Let's go to the beach and collect seashells,0
I enjoy watching documentaries about history,0
I'm learning to play the guitar,0
Let's go to the city and visit the art museums,0
I love going to the park for a walk,0
I'm planning to start a blog about my hobbies,0
Let's go to the farmer's market and buy fresh flowers,0
I enjoy cooking new recipes at home,0
I'm learning to knit and crochet,0
Let's go to the beach and have a picnic,0
I love going to the movies with friends on weekends,0
I'm planning to take a cooking class to learn new techniques,0
Let's go to the mountains and hike the trails,0
I enjoy playing board games with my family,0
I'm learning to make my own bread,0
Let's go to the park and have a barbecue,0
I love going to the flea market to find vintage items,0
I'm planning to take a photography class to improve my skills,0
Let's go to the zoo and see the animals,0
I enjoy watching movies at home on rainy days,0
I'm learning to make my own candles,0
Let's go to the beach and build sandcastles,0
I love attending live concerts with friends,0
I'm planning to start a podcast about music,0
Let's go to the farmer's market and buy some fresh fruit,0
I enjoy painting landscapes in my free time,0
I'm learning to make my own soap,0
Let's go to the park and play frisbee,0
I love going to the theater to watch plays,0
I'm planning to learn how to play the piano,0
Let's go to the city and explore the museums,0
I enjoy going to art galleries and exhibitions,0
I'm learning to make my own jewelry,0
Let's go to the beach and watch the sunset,0
I love going to the farmer's market on weekends,0
I'm planning to take a yoga class for relaxation,0
Let's go to the zoo and see the new animals,0
I enjoy going to the movies with my family,0
I'm learning to bake my own bread,0
Let's go to the flea market and find some unique items,0
I love going to the park for a jog,0
I'm planning to take a cooking class to learn new recipes,0
Let's go to the coffee shop and relax with a book,0
I enjoy going for long walks in the park,0
I'm learning to make my own candles,0
Let's go to the beach and collect seashells,0
I love attending outdoor festivals in the summer,0
I'm planning to learn how to play the guitar,0
Let's go to the city and visit the museums,0
I enjoy watching documentaries about art,0
I'm learning to make my own clothes,0
Let's go to the farmer's market and buy fresh vegetables,0
I love going to the movies on weekends,0
I'm planning to start a podcast about travel,0
Let's go to the mountains and hike the trails,0
I enjoy playing board games with my friends,0
I'm learning to make my own soap,0
Let's go to the beach and have a bonfire,0
I love going to the flea market to find vintage treasures,0
I'm planning to take a yoga class to stay fit,0
Let's go to the zoo and see the animals,0
I enjoy going to the theater to watch live performances,0
I'm learning to bake my own bread,0
Let's go to the farmer's market and buy some fresh fruit,0
I love going to the park for a walk,0
I'm planning to start a blog about my hobbies,0
Let's go to the beach and watch the sunset,0
I enjoy cooking new recipes at home,0
I'm learning to make my own candles,0
Let's go to the city and explore the art galleries,0
The patient reported chest pain and shortness of breath,1
The diagnosis was confirmed through a series of tests,1
The treatment plan includes medication and physical therapy,1
The doctor recommended a follow-up appointment next week,1
The patient is recovering well after the surgery,1
The medication was prescribed to reduce blood pressure,1
The doctor performed a routine check-up and found no issues,1
The patient was advised to take rest and drink plenty of fluids,1
The treatment involves a combination of drugs and lifestyle changes,1
The patient's condition has improved significantly,1
The doctor ordered blood tests to monitor the patient's condition,1
The patient has been diagnosed with diabetes,1
The doctor recommended a healthy diet and regular exercise,1
The symptoms started about a week ago and have worsened since then,1
The medication is to be taken twice daily with food,1
The patient was referred to a specialist for further evaluation,1
The treatment plan was adjusted based on the patient's response,1
The doctor emphasized the importance of adhering to the prescribed treatment,1
The patient is allergic to penicillin,1
The doctor recommended an MRI to further investigate the issue,1
The treatment includes both medication and physical therapy,1
The patient is scheduled for surgery next week,1
The doctor advised the patient to avoid strenuous activities,1
The patient has a history of heart disease,1
The symptoms have persisted despite treatment,1
The doctor ordered a chest x-ray to check for pneumonia,1
The treatment involves a course of antibiotics,1
The patient was advised to quit smoking to improve their health,1
The doctor recommended a low-sodium diet for the patient,1
The patient is responding well to the treatment,1
The surgery was performed to remove a tumor,1
The doctor ordered a series of blood tests to diagnose the issue,1
The patient has a history of high blood pressure,1
The doctor recommended physical therapy to help with recovery,1
The treatment plan includes both medication and lifestyle changes,1
The patient was referred to a cardiologist for further evaluation,1
The doctor advised the patient to take it easy for a few days,1
The patient is scheduled for a follow-up appointment next month,1
The doctor recommended a stress test to check the patient's heart health,1
The treatment involves a combination of medication and diet changes,1
The patient was advised to monitor their blood pressure regularly,1
The symptoms have improved with treatment,1
The surgery was necessary to remove the infected tissue,1
The doctor ordered a CT scan to get a better look at the problem,1
The patient has a history of asthma,1
The doctor recommended using an inhaler to manage the symptoms,1
The treatment plan includes regular check-ups and medication adjustments,1
The patient was referred to a pulmonologist for further evaluation,1
The doctor advised the patient to avoid allergens to prevent flare-ups,1
The patient is scheduled for a follow-up appointment in two weeks,1
The doctor recommended a cardiac catheterization to check for blockages,1
The treatment involves medication to manage the symptoms,1
The patient was advised to avoid strenuous activities for a few days,1
The symptoms have persisted despite treatment,1
The surgery was performed to repair the damaged tissue,1
The doctor ordered an echocardiogram to assess heart function,1
The patient has a history of chronic obstructive pulmonary disease,1
The doctor recommended a bronchodilator to help open the airways,1
The treatment plan includes regular check-ups and medication,1
The patient was referred to a respiratory therapist for further evaluation,1
The doctor advised the patient to avoid smoking to improve lung function,1
The patient is scheduled for a follow-up appointment next month,1
The doctor recommended a biopsy to determine the cause of the symptoms,1
The treatment involves a combination of medication and lifestyle changes,1
The patient was advised to increase their fluid intake,1
The symptoms have improved with treatment,1
The surgery was necessary to remove the tumor,1
The doctor ordered an MRI to get a better look at the problem,1
The patient has a history of rheumatoid arthritis,1
The doctor recommended physical therapy to help with recovery,1
The treatment plan includes both medication and lifestyle changes,1
The patient was referred to a rheumatologist for further evaluation,1
The doctor advised the patient to avoid activities that strain the joints,1
The patient is scheduled for a follow-up appointment in a month,1
The doctor recommended a blood test to check for anemia,1
The treatment involves a combination of medication and dietary changes,1
The patient was advised to rest and avoid strenuous activities,1
The symptoms have persisted despite treatment,1
The surgery was necessary to repair the damaged tissue,1
The doctor ordered a bone scan to assess bone density,1
The patient has a history of osteoporosis,1
The doctor recommended calcium and vitamin D supplements,1
The treatment plan includes medication to strengthen the bones,1
The patient was referred to an endocrinologist for further evaluation,1
The doctor advised the patient to engage in weight-bearing exercises,1
The patient is scheduled for a follow-up appointment in six months,1
The doctor recommended an electrocardiogram to check for heart issues,1
The treatment involves a combination of medication and lifestyle changes,1
The patient was advised to avoid smoking and limit alcohol intake,1
The symptoms have improved with treatment,1
The surgery was necessary to repair the damaged artery,1
The doctor ordered a stress test to assess heart function,1
The patient has a history of coronary artery disease,1
The doctor recommended a coronary angiography to check for blockages,1
The treatment plan includes medication to manage the symptoms,1
The patient was referred to a cardiologist for further evaluation,1
The doctor advised the patient to avoid high-fat foods,1
The patient is scheduled for a follow-up appointment next month,1
The doctor recommended a spirometry test to check lung function,1
The treatment involves a combination of medication and lifestyle changes,1
The patient was advised to avoid allergens to prevent asthma attacks,1
The symptoms have persisted despite treatment,1
The surgery was necessary to remove the damaged lung tissue,1
The doctor ordered a chest CT scan to check for abnormalities,1
The patient has a history of chronic bronchitis,1
The doctor recommended a bronchodilator to help open the airways,1
The treatment plan includes regular monitoring and medication adjustments,1
The patient was referred to a pulmonologist for further evaluation,1
The doctor advised the patient to quit smoking to improve lung function,1
The patient is scheduled for a follow-up appointment in two weeks,1
The doctor recommended an anti-inflammatory medication to reduce pain,1
The treatment involves a combination of medication and physical therapy,1
The patient was advised to avoid activities that strain the joints,1
The symptoms have improved with treatment,1
The surgery was necessary to repair the damaged joint,1
The doctor ordered an MRI to assess the extent of the damage,1
The patient has a history of osteoarthritis,1
The doctor recommended physical therapy to help with recovery,1
The treatment plan includes both medication and lifestyle changes,1
The patient was referred to a physical therapist for further evaluation,1
The doctor advised the patient to maintain a healthy weight to reduce stress on the joints,1
The patient is scheduled for a follow-up appointment next month,1
The doctor recommended a blood test to check for inflammation,1
The treatment involves a combination of medication and physical therapy,1
The patient was advised to avoid strenuous activities,1
The symptoms have persisted despite treatment,1
The surgery was necessary,1
The doctor ordered a muscle biopsy to assess the extent of the damage,1
The patient has a history of fibromyalgia,1
The doctor recommended a combination of medication and cognitive behavioral therapy,1
The treatment plan includes both medication and lifestyle changes,1
The patient was referred to a pain specialist for further evaluation,1
The doctor advised the patient to engage in regular low-impact exercises,1
The patient is scheduled for a follow-up appointment in six weeks,1
The doctor recommended a colonoscopy to check for abnormalities,1
The treatment involves a combination of medication and dietary changes,1
The patient was advised to avoid foods that trigger symptoms,1
The symptoms have improved with treatment,1
The surgery was necessary to remove the affected portion of the intestine,1
The doctor ordered a CT scan to assess the extent of the disease,1
The patient has a history of irritable bowel syndrome,1
The doctor recommended a low-FODMAP diet to manage symptoms,1
The treatment plan includes both medication and lifestyle changes,1
The patient was referred to a gastroenterologist for further evaluation,1
The doctor advised the patient to drink plenty of water to stay hydrated,1
The patient is scheduled for a follow-up appointment in three months,1
The sun is shining brightly today,0
I am going to the grocery store to buy some milk,0
The weather is perfect for a day at the beach,0
My favorite color is blue,0
I love spending time with my family,0
I need to water the plants in the garden,0
She is reading a fascinating book,0
We're planning a road trip for the weekend,0
The concert was absolutely amazing,0
I enjoy cooking new recipes in my free time,0
Tomorrow is going to be a busy day at work,0
He is learning how to play the guitar,0
I'm meeting my friends for dinner tonight,0
The traffic was terrible on the way home,0
She baked a delicious cake for the party,0
I need to finish my homework before going out,0
The movie we watched last night was great,0
They are remodeling their kitchen,0
I love watching the sunset,0
We're going hiking in the mountains next weekend,0
I just bought a new pair of shoes,0
He is working on a new project at the office,0
I need to clean the house before the guests arrive,0
The flowers in the garden are blooming beautifully,0
I enjoy playing basketball with my friends,0
She is taking a photography class,0
The kids are playing in the backyard,0
I'm going to visit my grandparents this weekend,0
The new restaurant in town has great food,0
He is fixing the leaky faucet in the kitchen,0
I like to relax by the pool on hot days,0
They are painting the walls in their living room,0
I'm going to the park to read a book,0
She is organizing her closet,0
The leaves are changing color for fall,0
I love to travel and explore new places,0
They are building a treehouse in the backyard,0
He is watching his favorite TV show,0
I need to go grocery shopping,0
The baby is learning how to walk,0
I'm making a salad for lunch,0
The dog is barking at the mailman,0
They are planning a surprise party for her,0
I just finished reading a great book,0
He is working on his car in the garage,0
The kids are playing with their toys,0
I'm going to the gym after work,0
She is knitting a scarf for winter,0
They are hosting a barbecue this weekend,0
I need to call my mom and catch up,0
The birds are singing in the trees,0
He is studying for his exams,0
I love to bake cookies during the holidays,0
They are planning a vacation to the mountains,0
I'm going to take a nap this afternoon,0
The cat is sleeping on the couch,0
He is planting flowers in the garden,0
I need to get my car washed,0
They are playing board games with friends,0
I love spending time at the beach,0
She is decorating her house for the holidays,0
The kids are riding their bikes outside,0
I'm going to watch a movie tonight,0
He is painting a picture,0
The weather is nice and sunny,0
I'm going to take the dog for a walk,0
She is learning how to cook,0
The kids are building a sandcastle at the beach,0
I'm going to clean my room today,0
The clouds are fluffy and white,0
He is mowing the lawn,0
I need to take out the trash,0
They are having a picnic in the park,0
I enjoy listening to music while I work,0
She is writing in her journal,0
The sunset is beautiful tonight,0
I'm going to do some gardening this weekend,0
He is fixing his bike,0
The flowers smell wonderful,0
I'm going to bake a cake for my friend's birthday,0
They are going to the movies tonight,0
I need to finish my chores before I can relax,0
The kids are playing on the swings,0
I'm going to visit my friend in the hospital,0
He is working on a puzzle,0
The sun is setting over the mountains,0
I'm going to make dinner for my family,0
She is practicing the piano,0
The kids are playing hide and seek,0
I'm going to buy some new clothes,0
The weather is perfect for a walk in the park,0
He is repairing the fence,0
I need to go to the bank tomorrow,0
They are hosting a dinner party,0
I love spending time outdoors,0
She is writing a letter to her friend,0
The birds are chirping in the morning,0
I'm going to watch the football game,0
He is painting the fence,0
The clouds are gathering for a storm,0
I'm going to take a break and relax,0
She is cleaning the windows,0
The kids are playing soccer in the yard,0
I'm going to bake some cookies,0
The sun is shining through the trees,0
He is reading a mystery novel,0
I need to run some errands today,0
They are having a family reunion,0
I love to sit by the fireplace on cold nights,0
She is organizing a charity event,0
The kids are drawing pictures,0
I'm going to meet my friends for lunch,0
He is working on his garden,0
The wind is blowing the leaves around,0
I'm going to take a shower and get ready,0
She is knitting a blanket,0
The kids are playing in the sand,0
I'm going to clean the kitchen,0
The rain is falling softly,0
He is fixing the roof,0
I need to pick up my dry cleaning,0
They are having a movie night at home,0
I love spending time with my pets,0
She is practicing her dance moves,0
The kids are jumping on the trampoline,0
I'm going to make some tea,0
The sun is setting behind the trees,0
He is fixing the car engine,0
I need to buy some groceries,0
They are playing cards with friends,0
I love going for a walk in the evening,0
She is decorating the Christmas tree,0
The kids are building a snowman,0
I'm going to wrap some presents,0
The snow is falling gently,0
He is shoveling the driveway,0
I need to send out some emails,0
They are playing video games together,0
I enjoy spending time in the garden,0
She is baking a pie,0
The kids are playing tag,0
I'm going to take a bike ride,0
The sun is shining brightly,0
He is working on his model train,0
I need to make a grocery list,0
They are having a picnic in the backyard,0
I love to watch the stars at night,0
She is reading a book in bed,0
The kids are playing on the playground,0
I'm going to visit the museum,0
He is repairing the deck,0
I need to wash the dishes,0
They are having a barbecue in the backyard,0
I enjoy going to the movies,0
She is writing a poem,0
The kids are playing in the pool,0
I'm going to make a smoothie,0
The sun is shining through the clouds,0
He is fixing the lawnmower,0
I need to vacuum the living room,0
They are watching a TV show together,0
I love spending time with my family,0
She is painting a picture,0
The kids are playing in the park,0
I'm going to bake some bread,0
The weather is perfect for a day at the park,0
He is working on a new painting,0
I need to do some laundry today,0
They are playing board games together,0
I love watching the sunset,0
She is practicing her yoga poses,0
The kids are playing with their toys,0
I'm going to cook dinner tonight,0
The sun is shining brightly in the sky,0
He is fixing the broken fence,0
I need to finish my book,0
They are hosting a game night,0
I love spending time outdoors,0
She is knitting a scarf,0
The kids are playing with their pets,0
I'm going to take a walk after dinner,0
The clouds are drifting slowly,0
He is repairing the old car,0
I need to pick up some supplies,0
They are hosting a family gathering,0
I enjoy spending time at home,0
She is writing in her diary,0
The kids are building a fort,0
I'm going to watch a documentary,0
He is working on a new project,0
The sun is shining through the windows,0
I need to go for a run,0
They are having a picnic by the lake,0
I love to go hiking,0
She is decorating the house,0
The kids are playing video games,0
I'm going to make some soup,0
The snow is falling outside,0
He is fixing the leaky pipe,0
I need to pay some bills,0
They are playing catch in the yard,0
I enjoy reading in the evenings,0
She is organizing her workspace,0
The kids are playing on the trampoline,0
I'm going to take a nap,0
The rain is falling on the roof,0
He is building a new bookshelf,0
I need to clean the garage,0
They are hosting a birthday party,0
I love spending time in nature,0
She is painting her nails,0
The kids are playing with their friends,0
I'm going to make some popcorn,0
The sun is shining through the clouds,0
He is working on his garden,0
I need to pick up the mail,0
They are having a family game night,0
I enjoy watching the sunset,0
She is writing a letter,0
The kids are playing with their toys,0
I'm going to take a walk in the park,0
The snow is covering the ground,0
He is fixing the broken chair,0
I need to go grocery shopping,0
They are hosting a barbecue,0
I love spending time with my friends,0
She is knitting a sweater,0
The kids are playing in the backyard,0
I'm going to bake some cookies,0
The clouds are gathering in the sky,0
He is repairing the broken window,0
I need to clean the bathroom,0
They are playing board games,0
I enjoy listening to music,0
She is decorating the Christmas tree,0
The kids are playing in the sand,0
I'm going to make some tea,0
The sun is setting over the ocean,0
He is working on his car,0
I need to pick up some groceries,0
They are playing cards together,0
I love spending time outdoors,0
She is writing in her journal,0
The kids are playing on the swings,0
I'm going to take a nap this afternoon,0
The rain is falling outside,0
He is fixing the roof,0
I need to pay my bills,0
They are hosting a dinner party,0
I enjoy spending time in the garden,0
She is painting a picture,0
The kids are playing hide and seek,0
I'm going to bake a cake,0
The sun is shining brightly,0
He is working on a new project,0
I need to clean the kitchen,0
They are having a family movie night,0
I love spending time at the beach,0
She is knitting a scarf,0
The kids are playing with their toys,0
I'm going to take a walk,0
The clouds are moving slowly,0
He is repairing the old bike,0
I need to buy some supplies,0
They are hosting a barbecue,0
I enjoy reading books,0
She is organizing her closet,0
The kids are playing in the park,0
I'm going to make some cookies,0
The snow is falling gently,0
He is fixing the door,0
I need to pick up some groceries,0
They are playing board games,0
I love spending time with my family,0
She is writing a letter,0
The kids are playing outside,0
I'm going to take a nap,0
The rain is falling softly,0
He is building a new shed,0
I need to clean the house,0
They are hosting a party,0
I enjoy listening to music,0
She is painting her nails,0
The kids are playing with their toys,0
I'm going to bake a cake,0
The sun is shining through the trees,0
He is working on his car,0
I need to go to the store,0
They are playing cards,0
I love spending time in nature,0
She is knitting a sweater,0
The kids are playing in the yard,0
I'm going to take a walk,0
The clouds are gathering in the sky,0
He is fixing the fence,0
I need to pick up some groceries,0
They are having a barbecue,0
I enjoy reading books,0
She is organizing her room,0
The kids are playing in the park,0
I'm going to bake some cookies,0
The snow is falling,0
He is fixing the window,0
I need to clean the bathroom,0
They are playing board games,0
I love spending time with my friends,0
She is writing in her journal,0
The kids are playing outside,0
I'm going to take a nap,0
The rain is falling softly,0
He is building a new shed,0
I need to clean the house,0
They are hosting a dinner party,0
I enjoy spending time in the garden,0
She is painting a picture,0
The kids are playing hide and seek,0
I'm going to bake a cake,0
The sun is shining brightly,0
He is working on a new project,0
I need to clean the kitchen,0
They are having a movie night,0
I love spending time at the beach,0
She is knitting a scarf,0
The kids are playing with their toys,0
I'm going to take a walk,0
The clouds are moving slowly,0
He is repairing the old bike,0
I need to buy some supplies,0
They are hosting a barbecue,0
I enjoy reading books,0
She is organizing her closet,0
The kids are playing in the park,0
I'm going to make some cookies,0
The snow is falling gently,0
He is fixing the door,0
I need to pick up some groceries,0
They are playing board games,0
I love spending time with my family,0
She is writing a letter,0
The kids are playing outside,0
I'm going to take a nap,0
The rain is falling softly,0
He is building a new shed,0
I need to clean the house,0
They are hosting a party,0
I enjoy listening to music,0
She is painting her nails,0
The kids are playing with their toys,0
I'm going to bake a cake,0
The sun is shining through the trees,0
He is working on his car,0
I need to go to the store,0
They are playing cards,0
I love spending time in nature,0
She is knitting a sweater,0
The kids are playing in the yard,0
I'm going to take a walk,0
The clouds are gathering in the sky,0
He is fixing the fence,0
I need to pick up some groceries,0
They are having a barbecue,0
I enjoy reading books,0
She is organizing her room,0
The kids are playing in the park,0
I'm going to bake some cookies,0
The snow is falling,0
He is fixing the window,0
I need to clean the bathroom,0
They are playing board games,0
I love spending time with my friends,0
She is writing in her journal,0
The kids are playing outside,0
I'm going to take a nap,0
The rain is falling softly,0
He is building a new shed,0
I need to clean the house,0
They are hosting a dinner party,0
I enjoy spending time in the garden,0
She is painting a picture,0
The kids are playing hide and seek,0
I'm going to bake a cake,0
The sun is shining brightly,0
He is working on a new project,0
I need to clean the kitchen,0
They are having a movie night,0
I love spending time at the beach,0
She is knitting a scarf,0
The kids are playing with their toys,0
I'm going to take a walk,0
The clouds are moving slowly,0
He is repairing the old bike,0
I need to buy some supplies,0
They are hosting a barbecue,0
I enjoy reading books,0
She is organizing her closet,0
The kids are playing in the park,0
